,Date,Open*,High,Low,Close**,Volume,Market Cap
0,"Jun 15, 2019",856,873,842,860,620 126 945,956 871 136
1,"Jun 14, 2019",852,858,818,854,670 586 440,949 862 552
2,"Jun 13, 2019",858,869,845,855,684 549 128,950 140 211
3,"Jun 12, 2019",826,878,814,856,705 350 374,951 069 096
4,"Jun 11, 2019",828,835,803,826,508 941 952,917 812 627
5,"Jun 10, 2019",814,839,793,830,675 313 606,921 736 480
6,"Jun 09, 2019",846,853,792,815,728 018 275,905 908 991
7,"Jun 08, 2019",822,873,807,846,830 432 073,939 842 267
8,"Jun 07, 2019",797,839,781,822,717 510 077,912 353 468
9,"Jun 06, 2019",817,821,738,798,762 379 591,885 842 756
10,"Jun 05, 2019",824,836,784,817,882 398 657,906 428 616
11,"Jun 04, 2019",940,940,771,821,1 156 648 679,911 314 722
12,"Jun 03, 2019",952,969,912,941,1 170 920 227,1 044 148 589
13,"Jun 02, 2019",858,955,858,952,992 624 941,1 055 459 474
14,"Jun 01, 2019",865,885,846,857,859 858 805,950 786 053
15,"May 31, 2019",814,870,795,866,839 281 824,960 025 129
16,"May 30, 2019",817,882,792,813,957 435 239,901 701 965
17,"May 29, 2019",822,842,771,818,688 912 471,906 137 980
18,"May 28, 2019",816,840,803,822,837 088 101,910 788 373
19,"May 27, 2019",766,826,759,819,769 918 617,907 772 061
20,"May 26, 2019",730,770,710,766,626 354 051,848 537 728
21,"May 25, 2019",728,737,718,730,465 778 838,808 511 605
22,"May 24, 2019",709,742,696,729,645 224 198,806 536 713
23,"May 23, 2019",695,712,672,707,498 397 530,782 145 658
24,"May 22, 2019",746,751,686,696,576 207 968,769 940 183
25,"May 21, 2019",741,763,724,746,584 199 673,825 046 643
26,"May 20, 2019",786,786,718,741,631 457 067,819 636 003
27,"May 19, 2019",717,795,714,784,690 201 760,867 391 840
28,"May 18, 2019",722,741,707,716,615 035 489,792 101 963
29,"May 17, 2019",765,778,684,722,988 083 259,798 057 809
30,"May 16, 2019",757,839,710,765,1 311 469 891,845 123 189
31,"May 15, 2019",657,760,652,758,877 976 799,837 992 582
32,"May 14, 2019",609,668,608,656,855 242 308,724 122 527
33,"May 13, 2019",583,624,578,609,718 560 259,672 428 230
34,"May 12, 2019",608,621,576,582,735 292 770,643 014 982
35,"May 11, 2019",564,637,562,608,776 014 181,670 874 331
36,"May 10, 2019",557,572,551,564,483 140 799,622 110 915
37,"May 09, 2019",573,581,550,557,392 012 219,614 363 021
38,"May 08, 2019",567,577,559,573,429 553 716,632 516 021
39,"May 07, 2019",569,589,565,567,476 896 645,624 786 648
40,"May 06, 2019",574,577,553,569,457 954 181,627 673 791
41,"May 05, 2019",583,586,566,574,424 731 401,632 528 285
42,"May 04, 2019",607,616,574,583,476 232 964,642 763 449
43,"May 03, 2019",579,616,577,607,523 886 695,669 228 348
44,"May 02, 2019",584,585,576,579,433 550 376,637 477 655
45,"May 01, 2019",590,597,577,584,437 370 461,643 088 779
46,"Apr 30, 2019",557,592,557,590,469 034 065,649 645 521
47,"Apr 29, 2019",559,570,550,557,451 768 362,613 044 566
48,"Apr 28, 2019",551,565,545,558,369 284 399,614 384 216
49,"Apr 27, 2019",544,556,543,550,381 560 781,605 453 053
50,"Apr 26, 2019",540,549,530,544,425 208 370,598 034 577
51,"Apr 25, 2019",560,572,530,540,401 668 998,593 589 266
52,"Apr 24, 2019",595,596,546,560,491 679 409,616 037 977
53,"Apr 23, 2019",594,613,588,596,392 368 632,654 859 775
54,"Apr 22, 2019",593,598,583,594,377 418 221,653 034 058
55,"Apr 21, 2019",624,625,576,593,425 303 026,651 376 689
56,"Apr 20, 2019",629,633,619,625,346 816 506,686 341 997
57,"Apr 19, 2019",634,636,622,629,370 875 841,690 896 481
58,"Apr 18, 2019",623,639,621,634,405 282 923,695 964 995
59,"Apr 17, 2019",631,634,616,623,359 614 141,683 683 454
60,"Apr 16, 2019",619,632,609,631,373 441 627,692 141 837
61,"Apr 15, 2019",644,653,608,619,438 340 736,679 618 503
62,"Apr 14, 2019",634,645,620,644,371 013 644,706 832 126
63,"Apr 13, 2019",637,643,620,634,371 860 556,695 599 768
64,"Apr 12, 2019",629,648,598,637,467 890 649,698 651 764
65,"Apr 11, 2019",704,705,607,629,596 379 347,690 077 233
66,"Apr 10, 2019",699,723,696,705,530 422 510,772 433 079
67,"Apr 09, 2019",720,740,678,699,605 526 747,765 814 899
68,"Apr 08, 2019",768,790,687,720,870 935 829,789 121 587
69,"Apr 07, 2019",600,792,600,767,1 367 951 558,840 251 877
70,"Apr 06, 2019",582,607,555,600,422 594 961,656 655 595
71,"Apr 05, 2019",536,593,536,582,434 760 409,637 554 810
72,"Apr 04, 2019",544,562,526,536,426 653 091,586 443 316
73,"Apr 03, 2019",546,612,523,546,607 791 272,597 534 080
74,"Apr 02, 2019",483,547,481,546,490 865 719,596 976 775
75,"Apr 01, 2019",482,485,480,482,203 584 706,527 699 755
76,"Mar 31, 2019",479,484,476,482,149 120 803,527 656 434
77,"Mar 30, 2019",486,508,476,479,153 581 340,523 410 189
78,"Mar 29, 2019",477,496,473,487,212 643 300,532 024 292
79,"Mar 28, 2019",486,486,473,477,162 636 599,521 066 408
80,"Mar 27, 2019",471,488,470,486,182 403 471,530 831 070
81,"Mar 26, 2019",473,474,463,471,189 888 273,514 296 279
82,"Mar 25, 2019",484,484,465,473,206 919 526,516 353 328
83,"Mar 24, 2019",489,490,478,484,183 730 901,528 049 572
84,"Mar 23, 2019",488,491,483,489,196 468 772,534 391 980
85,"Mar 22, 2019",480,500,479,489,262 391 505,533 911 569
86,"Mar 21, 2019",469,488,461,480,330 828 877,524 232 457
87,"Mar 20, 2019",466,476,454,468,243 257 735,511 125 503
88,"Mar 19, 2019",444,470,442,465,459 013 224,507 750 118
89,"Mar 18, 2019",447,453,439,444,394 491 335,484 192 520
90,"Mar 17, 2019",452,453,442,446,183 446 354,486 792 522
91,"Mar 16, 2019",443,463,443,452,203 176 719,493 176 746
92,"Mar 15, 2019",434,446,434,443,187 814 628,483 220 509
93,"Mar 14, 2019",427,438,423,434,187 331 020,472 807 297
94,"Mar 13, 2019",430,433,424,427,160 265 628,465 352 704
95,"Mar 12, 2019",426,434,421,430,198 416 033,468 502 801
96,"Mar 11, 2019",436,439,424,426,204 629 223,464 014 138
97,"Mar 10, 2019",431,439,422,436,224 014 423,474 741 807
98,"Mar 09, 2019",424,435,423,430,216 292 812,468 236 756
99,"Mar 08, 2019",439,443,417,424,227 329 229,461 774 458
100,"Mar 07, 2019",432,453,431,439,234 214 382,477 715 380
101,"Mar 06, 2019",432,436,426,431,219 478 810,469 138 633
102,"Mar 05, 2019",416,439,414,432,242 636 788,469 772 810
103,"Mar 04, 2019",428,430,408,416,213 298 598,452 481 126
104,"Mar 03, 2019",427,431,425,428,182 638 030,465 693 846
105,"Mar 02, 2019",428,444,422,428,207 971 306,465 234 261
106,"Mar 01, 2019",428,435,424,429,165 314 927,465 663 258
107,"Feb 28, 2019",433,438,426,428,185 561 611,464 720 519
108,"Feb 27, 2019",432,443,425,433,201 608 400,470 677 633
109,"Feb 26, 2019",429,438,425,433,168 459 035,469 914 385
110,"Feb 25, 2019",417,439,417,430,227 287 641,466 743 262
111,"Feb 24, 2019",484,497,419,420,301 941 105,455 271 069
112,"Feb 23, 2019",471,489,463,484,248 665 482,525 503 034
113,"Feb 22, 2019",453,480,450,472,232 494 721,512 261 744
114,"Feb 21, 2019",471,471,444,451,226 428 873,488 816 361
115,"Feb 20, 2019",459,477,448,470,263 413 409,509 725 533
116,"Feb 19, 2019",442,483,442,460,343 292 544,498 163 443
117,"Feb 18, 2019",417,449,416,441,274 458 033,477 675 234
118,"Feb 17, 2019",409,418,408,418,203 869 852,452 513 075
119,"Feb 16, 2019",413,415,408,409,210 057 396,443 371 172
120,"Feb 15, 2019",413,420,409,411,208 797 069,444 653 644
121,"Feb 14, 2019",412,417,408,413,218 223 238,447 035 730
122,"Feb 13, 2019",409,417,407,413,198 122 371,446 633 290
123,"Feb 12, 2019",409,419,405,409,206 268 322,442 295 339
124,"Feb 11, 2019",417,417,402,408,213 644 605,441 488 385
125,"Feb 10, 2019",409,417,396,417,185 806 940,451 510 860
126,"Feb 09, 2019",416,417,403,409,176 440 582,442 857 560
127,"Feb 08, 2019",387,421,385,416,218 549 539,449 398 427
128,"Feb 07, 2019",375,390,373,386,158 124 456,417 834 477
129,"Feb 06, 2019",387,387,367,376,157 423 403,406 308 465
130,"Feb 05, 2019",388,391,385,387,122 844 063,418 092 908
131,"Feb 04, 2019",392,394,388,389,138 267 542,420 580 245
132,"Feb 03, 2019",401,401,389,392,156 280 488,423 399 621
133,"Feb 02, 2019",394,400,392,400,208 180 743,432 377 777
134,"Feb 01, 2019",396,399,389,395,164 662 002,426 539 329
135,"Jan 31, 2019",402,407,392,395,162 458 828,426 751 342
136,"Jan 30, 2019",391,407,389,402,165 889 423,434 018 071
137,"Jan 29, 2019",395,401,387,392,151 481 276,422 731 478
138,"Jan 28, 2019",425,427,384,395,152 797 683,425 666 671
139,"Jan 27, 2019",431,435,421,425,128 215 641,458 658 539
140,"Jan 26, 2019",435,439,430,431,116 034 521,464 384 473
141,"Jan 25, 2019",432,439,428,435,134 448 462,469 223 073
142,"Jan 24, 2019",431,434,424,431,120 565 684,464 424 611
143,"Jan 23, 2019",432,437,430,430,143 324 316,463 718 877
144,"Jan 22, 2019",428,435,422,433,129 965 929,466 089 467
145,"Jan 21, 2019",429,436,425,430,128 824 699,463 342 096
146,"Jan 20, 2019",439,447,425,429,146 017 540,461 528 744
147,"Jan 19, 2019",440,458,438,440,143 016 607,473 795 324
148,"Jan 18, 2019",451,451,430,438,127 610 385,471 913 768
149,"Jan 17, 2019",432,452,429,452,138 597 579,486 673 703
150,"Jan 16, 2019",421,438,421,431,124 052 759,463 653 575
151,"Jan 15, 2019",435,440,414,421,113 889 722,452 615 817
152,"Jan 14, 2019",425,445,424,435,107 429 405,467 966 585
153,"Jan 13, 2019",456,459,419,424,119 300 252,456 169 750
154,"Jan 12, 2019",448,475,446,456,123 170 899,490 214 580
155,"Jan 11, 2019",443,458,441,449,126 990 517,482 020 404
156,"Jan 10, 2019",498,506,428,443,141 589 286,476 113 076
157,"Jan 09, 2019",499,510,497,498,110 333 470,535 176 559
158,"Jan 08, 2019",492,512,486,499,146 348 077,535 588 392
159,"Jan 07, 2019",550,551,491,492,144 351 122,527 734 652
160,"Jan 06, 2019",513,550,510,550,132 701 649,590 704 005
161,"Jan 05, 2019",525,528,513,514,106 525 711,551 144 090
162,"Jan 04, 2019",509,527,505,525,115 827 900,563 663 345
163,"Jan 03, 2019",543,544,506,509,105 163 400,546 424 216
164,"Jan 02, 2019",532,547,522,544,121 887 313,583 194 524
165,"Jan 01, 2019",505,523,501,523,101 629 380,560 395 114
166,"Dec 31, 2018",532,532,498,505,99 735 815,541 060 545
167,"Dec 30, 2018",520,537,513,531,118 057 574,568 817 905
168,"Dec 29, 2018",532,545,516,519,137 872 770,556 166 967
169,"Dec 28, 2018",481,545,473,528,182 310 818,565 570 141
170,"Dec 27, 2018",552,573,474,482,249 141 104,515 784 786
171,"Dec 26, 2018",474,555,472,553,209 148 907,592 202 499
172,"Dec 25, 2018",515,515,454,473,170 618 977,506 071 537
173,"Dec 24, 2018",494,554,494,516,192 486 916,552 174 882
174,"Dec 23, 2018",471,500,468,495,152 610 338,529 160 939
175,"Dec 22, 2018",454,470,437,470,116 468 770,502 311 846
176,"Dec 21, 2018",479,487,454,455,149 205 559,486 054 112
177,"Dec 20, 2018",442,496,440,479,189 562 996,512 332 690
178,"Dec 19, 2018",423,476,418,442,151 584 656,472 854 188
179,"Dec 18, 2018",400,421,390,420,112 062 954,449 091 194
180,"Dec 17, 2018",363,412,363,401,111 966 937,427 934 454
181,"Dec 16, 2018",363,379,362,364,74 065 191,388 750 640
182,"Dec 15, 2018",373,374,355,364,77 444 858,388 862 660
183,"Dec 14, 2018",386,386,364,372,97 721 744,397 174 412
184,"Dec 13, 2018",391,395,377,388,103 018 928,413 709 343
185,"Dec 12, 2018",373,397,370,391,90 010 557,416 744 766
186,"Dec 11, 2018",390,413,372,374,110 590 535,399 459 236
187,"Dec 10, 2018",398,413,383,391,103 578 969,417 272 851
188,"Dec 09, 2018",385,424,385,400,124 556 605,426 107 667
189,"Dec 08, 2018",383,399,361,386,172 036 529,411 493 661
190,"Dec 07, 2018",352,398,332,384,257 953 590,409 746 021
191,"Dec 06, 2018",404,420,350,352,167 476 883,374 775 734
192,"Dec 05, 2018",443,449,403,403,146 132 326,429 285 710
193,"Dec 04, 2018",451,476,438,441,193 022 630,469 711 644
194,"Dec 03, 2018",517,519,450,451,190 323 995,480 661 858
195,"Dec 02, 2018",484,532,482,515,185 846 834,548 592 459
196,"Dec 01, 2018",461,496,449,485,182 630 934,516 594 797
197,"Nov 30, 2018",491,500,452,460,212 580 092,489 683 596
198,"Nov 29, 2018",501,508,479,493,229 957 883,524 735 425
199,"Nov 28, 2018",453,512,452,499,236 086 000,530 683 750
200,"Nov 27, 2018",430,462,421,453,152 596 000,481 952 499
201,"Nov 26, 2018",478,486,421,432,173 389 000,458 881 687
202,"Nov 25, 2018",477,487,425,476,214 075 000,506 501 656
203,"Nov 24, 2018",522,533,448,477,159 911 000,506 535 041
204,"Nov 23, 2018",532,539,502,521,190 000 000,553 858 530
205,"Nov 22, 2018",576,579,534,534,135 517 000,567 281 444
206,"Nov 21, 2018",552,587,533,575,182 373 000,610 902 295
207,"Nov 20, 2018",621,640,518,550,323 667 000,584 279 356
208,"Nov 19, 2018",745,746,612,620,241 759 000,657 959 854
209,"Nov 18, 2018",741,762,737,745,164 022 000,790 573 147
210,"Nov 17, 2018",747,751,734,739,149 058 000,783 678 160
211,"Nov 16, 2018",776,785,741,746,165 776 000,791 353 534
212,"Nov 15, 2018",793,793,718,772,285 111 000,819 057 445
213,"Nov 14, 2018",907,928,724,795,360 972 000,842 751 072
214,"Nov 13, 2018",918,920,903,908,130 398 000,962 754 877
215,"Nov 12, 2018",928,934,916,919,119 261 000,974 477 856
216,"Nov 11, 2018",945,946,910,926,148 242 000,981 540 556
217,"Nov 10, 2018",945,953,942,946,123 221 000,1 002 331 488
218,"Nov 09, 2018",945,957,942,945,142 040 000,1 001 384 491
219,"Nov 08, 2018",962,965,942,944,125 338 000,999 421 509
220,"Nov 07, 2018",988,988,957,964,142 023 000,1 020 265 487
221,"Nov 06, 2018",941,988,937,988,161 376 000,1 038 827 676
222,"Nov 05, 2018",933,944,929,940,135 752 000,994 607 632
223,"Nov 04, 2018",912,948,910,937,143 710 000,990 863 747
224,"Nov 03, 2018",914,916,907,911,112 902 000,963 480 295
225,"Nov 02, 2018",906,916,902,914,113 927 000,966 535 113
226,"Nov 01, 2018",900,923,894,905,115 387 000,956 398 572
227,"Oct 31, 2018",903,903,882,898,125 670 000,949 164 323
228,"Oct 30, 2018",908,912,893,901,136 682 000,951 730 724
229,"Oct 29, 2018",959,967,901,908,157 042 000,958 779 555
230,"Oct 28, 2018",963,964,955,961,110 869 000,1 015 391 797
231,"Oct 27, 2018",963,966,957,961,103 230 000,1 014 261 570
232,"Oct 26, 2018",964,968,954,964,115 908 000,1 017 558 216
233,"Oct 25, 2018",972,974,961,964,106 770 000,1 017 881 678
234,"Oct 24, 2018",979,988,970,972,128 267 000,1 025 479 259
235,"Oct 23, 2018",1001,1013,971,980,149 643 000,1 033 730 462
236,"Oct 22, 2018",962,1017,957,1000,177 641 000,1 054 554 351
237,"Oct 21, 2018",967,977,960,964,123 219 000,1 016 546 214
238,"Oct 20, 2018",961,969,957,969,89 769 700,1 021 386 324
239,"Oct 19, 2018",959,966,951,960,131 854 000,1 011 630 844
240,"Oct 18, 2018",982,983,955,959,135 906 000,1 010 978 108
241,"Oct 17, 2018",974,1000,960,981,156 238 000,1 033 101 132
242,"Oct 16, 2018",980,985,969,971,110 875 000,1 023 211 770
243,"Oct 15, 2018",941,1023,931,978,243 513 000,1 029 604 571
244,"Oct 14, 2018",947,965,939,941,113 477 000,990 477 230
245,"Oct 13, 2018",946,958,941,948,114 944 000,998 054 944
246,"Oct 12, 2018",914,962,914,946,195 087 000,995 850 040
247,"Oct 11, 2018",1082,1082,912,917,255 593 000,964 948 075
248,"Oct 10, 2018",1087,1091,1072,1083,175 735 000,1 138 847 516
249,"Oct 09, 2018",1098,1098,1084,1089,157 706 000,1 145 516 316
250,"Oct 08, 2018",1092,1101,1082,1095,159 584 000,1 151 714 009
251,"Oct 07, 2018",1094,1095,1068,1090,152 882 000,1 145 477 048
252,"Oct 06, 2018",1105,1105,1088,1092,146 455 000,1 147 299 655
253,"Oct 05, 2018",1105,1110,1097,1105,147 212 000,1 161 267 048
254,"Oct 04, 2018",1113,1119,1102,1105,132 819 000,1 160 306 800
255,"Oct 03, 2018",1115,1116,1089,1112,160 819 000,1 167 535 018
256,"Oct 02, 2018",1120,1134,1115,1117,148 728 000,1 172 606 694
257,"Oct 01, 2018",1131,1136,1113,1121,178 803 000,1 176 729 377
258,"Sep 30, 2018",1138,1141,1118,1133,197 595 000,1 189 145 755
259,"Sep 29, 2018",1125,1146,1107,1140,155 294 000,1 196 413 734
260,"Sep 28, 2018",1140,1157,1117,1126,157 811 000,1 180 990 275
261,"Sep 27, 2018",1101,1148,1083,1142,175 910 000,1 197 271 025
262,"Sep 26, 2018",1106,1131,1088,1099,154 050 000,1 152 644 430
263,"Sep 25, 2018",1106,1127,1051,1109,183 283 000,1 162 154 626
264,"Sep 24, 2018",1159,1159,1103,1105,145 599 000,1 158 361 306
265,"Sep 23, 2018",1144,1173,1136,1160,162 975 000,1 215 135 239
266,"Sep 22, 2018",1167,1181,1124,1141,167 522 000,1 195 432 412
267,"Sep 21, 2018",1118,1175,1106,1167,247 448 000,1 221 646 386
268,"Sep 20, 2018",1080,1118,1067,1117,169 241 000,1 169 507 248
269,"Sep 19, 2018",1061,1100,1039,1079,177 159 000,1 129 294 906
270,"Sep 18, 2018",1031,1080,1029,1060,165 477 000,1 108 948 264
271,"Sep 17, 2018",1121,1134,1016,1034,164 247 000,1 082 130 433
272,"Sep 16, 2018",1130,1132,1104,1122,153 507 000,1 173 514 724
273,"Sep 15, 2018",1096,1155,1094,1137,156 127 000,1 189 030 669
274,"Sep 14, 2018",1118,1134,1096,1100,193 196 000,1 149 848 213
275,"Sep 13, 2018",1074,1130,1074,1113,192 363 000,1 163 683 576
276,"Sep 12, 2018",1130,1138,1028,1069,195 188 000,1 117 489 911
277,"Sep 11, 2018",1138,1153,1103,1132,182 031 000,1 182 631 090
278,"Sep 10, 2018",1129,1142,1106,1132,169 260 000,1 181 883 448
279,"Sep 09, 2018",1101,1164,1096,1124,177 693 000,1 173 628 169
280,"Sep 08, 2018",1170,1194,1079,1102,168 330 000,1 150 363 624
281,"Sep 07, 2018",1197,1217,1159,1170,179 172 000,1 220 891 281
282,"Sep 06, 2018",1187,1202,1129,1198,222 766 000,1 250 415 761
283,"Sep 05, 2018",1399,1408,1189,1189,237 372 000,1 239 960 876
284,"Sep 04, 2018",1408,1422,1381,1398,185 368 000,1 457 804 630
285,"Sep 03, 2018",1337,1452,1336,1406,285 040 000,1 466 432 108
286,"Sep 02, 2018",1325,1344,1304,1333,153 472 000,1 389 416 181
287,"Sep 01, 2018",1290,1341,1282,1322,182 146 000,1 378 166 806
288,"Aug 31, 2018",1292,1298,1260,1279,190 517 000,1 333 227 402
289,"Aug 30, 2018",1305,1314,1246,1292,168 594 000,1 346 435 285
290,"Aug 29, 2018",1319,1339,1290,1301,187 637 000,1 355 472 194
291,"Aug 28, 2018",1278,1336,1263,1328,218 125 000,1 382 704 495
292,"Aug 27, 2018",1259,1272,1231,1265,191 951 000,1 317 130 960
293,"Aug 26, 2018",1257,1267,1217,1256,203 880 000,1 307 509 032
294,"Aug 25, 2018",1260,1275,1245,1255,149 757 000,1 306 355 666
295,"Aug 24, 2018",1252,1262,1229,1259,173 345 000,1 309 972 377
296,"Aug 23, 2018",1222,1259,1213,1248,213 442 000,1 298 367 036
297,"Aug 22, 2018",1285,1352,1199,1224,251 982 000,1 272 638 608
298,"Aug 21, 2018",1240,1289,1232,1270,200 951 000,1 320 067 487
299,"Aug 20, 2018",1335,1351,1235,1244,231 594 000,1 292 682 599
300,"Aug 19, 2018",1329,1375,1297,1334,196 340 000,1 386 073 964
301,"Aug 18, 2018",1442,1450,1280,1327,281 553 000,1 379 026 774
302,"Aug 17, 2018",1355,1455,1323,1447,467 499 000,1 502 373 522
303,"Aug 16, 2018",1322,1491,1295,1390,551 305 000,1 443 249 228
304,"Aug 15, 2018",1203,1311,1168,1303,303 255 000,1 352 480 218
305,"Aug 14, 2018",1204,1204,1033,1174,296 484 000,1 218 035 903
306,"Aug 13, 2018",1326,1357,1206,1206,226 746 000,1 251 639 472
307,"Aug 12, 2018",1325,1361,1297,1320,197 004 000,1 368 887 724
308,"Aug 11, 2018",1429,1429,1264,1328,258 674 000,1 377 040 762
309,"Aug 10, 2018",1508,1534,1415,1430,273 050 000,1 482 370 257
310,"Aug 09, 2018",1519,1546,1446,1511,281 762 000,1 565 927 035
311,"Aug 08, 2018",1733,1733,1467,1514,421 786 000,1 569 043 105
312,"Aug 07, 2018",1875,2058,1715,1733,721 105 000,1 795 324 645
313,"Aug 06, 2018",1758,1876,1715,1866,347 516 000,1 933 550 690
314,"Aug 05, 2018",1647,1774,1629,1769,218 174 000,1 832 471 903
315,"Aug 04, 2018",1654,1691,1590,1642,236 249 000,1 699 613 246
316,"Aug 03, 2018",1502,1692,1422,1660,266 154 000,1 718 283 514
317,"Aug 02, 2018",1549,1560,1470,1499,158 264 000,1 551 330 763
318,"Aug 01, 2018",1622,1628,1509,1548,167 916 000,1 601 203 821
319,"Jul 31, 2018",1711,1712,1592,1624,184 935 000,1 680 297 040
320,"Jul 30, 2018",1693,1723,1667,1712,237 202 000,1 770 515 020
321,"Jul 29, 2018",1696,1703,1668,1691,154 180 000,1 748 907 136
322,"Jul 28, 2018",1700,1703,1668,1695,139 036 000,1 752 494 989
323,"Jul 27, 2018",1668,1713,1634,1695,169 216 992,1 752 256 870
324,"Jul 26, 2018",1649,1736,1641,1672,198 975 008,1 727 861 320
325,"Jul 25, 2018",1656,1680,1613,1650,165 899 008,1 704 679 339
326,"Jul 24, 2018",1609,1688,1575,1663,209 846 000,1 717 110 907
327,"Jul 23, 2018",1613,1681,1593,1616,170 788 992,1 668 963 769
328,"Jul 22, 2018",1636,1662,1608,1612,139 591 008,1 664 228 347
329,"Jul 21, 2018",1615,1657,1587,1635,148 059 008,1 687 708 216
330,"Jul 20, 2018",1741,1756,1586,1621,233 146 000,1 672 723 478
331,"Jul 19, 2018",1735,1782,1713,1739,222 698 000,1 794 208 527
332,"Jul 18, 2018",1792,1828,1722,1739,248 274 000,1 793 660 280
333,"Jul 17, 2018",1742,1812,1697,1795,266 384 992,1 850 259 320
334,"Jul 16, 2018",1666,1747,1655,1738,223 788 000,1 791 960 241
335,"Jul 15, 2018",1646,1688,1628,1660,164 426 000,1 710 806 696
336,"Jul 14, 2018",1633,1662,1615,1643,156 358 000,1 693 069 872
337,"Jul 13, 2018",1637,1676,1612,1629,241 580 000,1 677 582 750
338,"Jul 12, 2018",1646,1646,1580,1633,212 922 000,1 681 540 885
339,"Jul 11, 2018",1615,1673,1584,1646,249 134 000,1 694 668 377
340,"Jul 10, 2018",1821,1829,1608,1613,394 620 992,1 660 481 614
341,"Jul 09, 2018",1834,1870,1821,1830,298 020 000,1 882 680 015
342,"Jul 08, 2018",1896,1912,1825,1829,249 696 992,1 881 532 787
343,"Jul 07, 2018",1840,1906,1760,1904,304 575 008,1 958 355 258
344,"Jul 06, 2018",1744,1847,1697,1847,448 598 016,1 899 357 966
345,"Jul 05, 2018",1683,1740,1675,1734,270 719 008,1 782 790 903
346,"Jul 04, 2018",1618,1745,1580,1677,275 641 984,1 723 578 443
347,"Jul 03, 2018",1659,1699,1611,1618,269 278 016,1 663 118 025
348,"Jul 02, 2018",1599,1696,1562,1664,290 288 000,1 709 547 690
349,"Jul 01, 2018",1612,1625,1554,1597,244 395 008,1 640 110 019
350,"Jun 30, 2018",1532,1655,1532,1610,253 512 000,1 653 112 002
351,"Jun 29, 2018",1459,1547,1425,1527,226 952 000,1 567 477 586
352,"Jun 28, 2018",1540,1556,1444,1454,189 564 992,1 492 513 346
353,"Jun 27, 2018",1484,1551,1431,1538,232 582 000,1 578 622 037
354,"Jun 26, 2018",1580,1592,1487,1488,211 464 992,1 526 417 528
355,"Jun 25, 2018",1488,1597,1469,1584,232 960 000,1 624 552 536
356,"Jun 24, 2018",1482,1511,1336,1488,270 734 016,1 526 188 813
357,"Jun 23, 2018",1466,1515,1429,1481,214 750 000,1 518 360 827
358,"Jun 22, 2018",1755,1760,1441,1462,455 676 992,1 498 783 810
359,"Jun 21, 2018",1717,1782,1664,1758,399 804 000,1 801 503 568
360,"Jun 20, 2018",1559,1727,1487,1727,356 187 008,1 769 583 451
361,"Jun 19, 2018",1511,1578,1505,1556,263 659 008,1 594 089 241
362,"Jun 18, 2018",1430,1543,1407,1509,235 592 992,1 545 154 993
363,"Jun 17, 2018",1447,1466,1422,1433,164 312 000,1 467 370 061
364,"Jun 16, 2018",1388,1477,1386,1451,232 232 000,1 485 188 958
365,"Jun 15, 2018",1408,1408,1366,1390,194 460 992,1 422 410 919
366,"Jun 14, 2018",1392,1424,1329,1406,280 585 984,1 438 312 758
367,"Jun 13, 2018",1487,1497,1320,1388,325 870 016,1 419 591 410
368,"Jun 12, 2018",1293,1622,1284,1485,686 019 008,1 518 396 722
369,"Jun 11, 2018",1263,1306,1234,1292,128 249 000,1 320 491 903
370,"Jun 10, 2018",1514,1514,1226,1264,173 647 008,1 291 459 490
371,"Jun 09, 2018",1543,1563,1513,1516,106 269 000,1 548 691 521
372,"Jun 08, 2018",1525,1563,1515,1541,131 086 000,1 573 950 619
373,"Jun 07, 2018",1528,1556,1513,1525,109 763 000,1 557 312 660
374,"Jun 06, 2018",1555,1565,1495,1525,110 481 000,1 556 819 815
375,"Jun 05, 2018",1523,1559,1487,1553,124 282 000,1 585 467 084
376,"Jun 04, 2018",1625,1635,1514,1523,140 176 992,1 554 168 315
377,"Jun 03, 2018",1581,1640,1581,1625,144 260 992,1 657 893 649
378,"Jun 02, 2018",1550,1607,1537,1582,143 692 000,1 613 762 675
379,"Jun 01, 2018",1534,1553,1514,1552,137 170 000,1 582 445 769
380,"May 31, 2018",1523,1558,1504,1531,122 136 000,1 560 500 252
381,"May 30, 2018",1531,1550,1480,1520,129 317 000,1 549 516 669
382,"May 29, 2018",1451,1549,1433,1522,157 135 008,1 551 361 668
383,"May 28, 2018",1520,1553,1431,1440,147 459 008,1 467 433 570
384,"May 27, 2018",1527,1535,1499,1521,132 207 000,1 549 279 314
385,"May 26, 2018",1520,1580,1503,1525,141 440 992,1 553 878 610
386,"May 25, 2018",1573,1573,1488,1519,141 072 000,1 546 881 772
387,"May 24, 2018",1491,1573,1459,1571,184 862 000,1 599 671 686
388,"May 23, 2018",1650,1663,1465,1495,172 594 000,1 522 642 859
389,"May 22, 2018",1768,1770,1646,1647,133 700 000,1 676 613 932
390,"May 21, 2018",1819,1823,1755,1768,125 063 000,1 799 578 413
391,"May 20, 2018",1770,1834,1752,1816,144 931 008,1 847 876 036
392,"May 19, 2018",1800,1811,1757,1770,148 970 000,1 801 265 188
393,"May 18, 2018",1693,1812,1666,1800,178 787 008,1 831 068 357
394,"May 17, 2018",1776,1833,1683,1704,166 820 000,1 733 333 916
395,"May 16, 2018",1820,1828,1701,1776,204 932 000,1 806 661 315
396,"May 15, 2018",1876,1993,1821,1826,239 530 000,1 857 333 095
397,"May 14, 2018",1880,1910,1756,1879,221 006 000,1 910 204 187
398,"May 13, 2018",1812,1910,1783,1873,201 048 000,1 903 940 125
399,"May 12, 2018",1779,1849,1653,1815,258 036 992,1 844 938 503
400,"May 11, 2018",1978,1984,1718,1773,354 950 016,1 801 565 622
401,"May 10, 2018",2151,2176,1973,1974,225 995 008,2 006 424 436
402,"May 09, 2018",2243,2243,2047,2150,293 584 000,2 184 191 206
403,"May 08, 2018",2365,2375,2217,2247,257 408 992,2 282 453 221
404,"May 07, 2018",2545,2545,2274,2364,411 630 016,2 400 993 968
405,"May 06, 2018",2274,2580,2272,2534,666 931 968,2 574 015 402
406,"May 05, 2018",2237,2319,2233,2276,263 167 008,2 311 307 417
407,"May 04, 2018",2272,2272,2176,2240,299 227 008,2 274 105 001
408,"May 03, 2018",2164,2343,2148,2276,370 436 992,2 310 262 706
409,"May 02, 2018",2156,2175,2109,2167,193 015 008,2 199 317 381
410,"May 01, 2018",2186,2186,2070,2158,210 024 992,2 190 162 937
411,"Apr 30, 2018",2184,2295,2142,2168,351 048 992,2 199 403 283
412,"Apr 29, 2018",2172,2226,2048,2183,271 380 000,2 214 596 921
413,"Apr 28, 2018",2057,2228,2057,2173,246 408 992,2 203 911 511
414,"Apr 27, 2018",2101,2193,2024,2056,273 598 016,2 084 620 973
415,"Apr 26, 2018",1860,2154,1821,2106,280 513 984,2 135 535 000
416,"Apr 25, 2018",2211,2213,1827,1858,358 536 000,1 883 211 547
417,"Apr 24, 2018",2048,2282,2046,2225,320 566 016,2 254 967 708
418,"Apr 23, 2018",1877,2075,1874,2048,278 155 008,2 075 470 093
419,"Apr 22, 2018",1866,1940,1830,1879,157 018 000,1 903 688 523
420,"Apr 21, 2018",1970,1998,1773,1869,216 888 000,1 892 942 103
421,"Apr 20, 2018",1842,1976,1796,1964,256 292 000,1 988 765 810
422,"Apr 19, 2018",1763,1838,1750,1838,172 275 008,1 861 604 035
423,"Apr 18, 2018",1608,1777,1608,1762,200 759 008,1 783 643 678
424,"Apr 17, 2018",1616,1674,1607,1607,133 100 000,1 626 916 758
425,"Apr 16, 2018",1673,1685,1566,1612,122 772 000,1 631 393 188
426,"Apr 15, 2018",1608,1683,1603,1675,121 745 000,1 695 010 294
427,"Apr 14, 2018",1557,1631,1550,1602,130 820 000,1 621 139 577
428,"Apr 13, 2018",1606,1661,1552,1561,190 710 000,1 578 753 651
429,"Apr 12, 2018",1456,1625,1380,1617,211 979 008,1 634 841 227
430,"Apr 11, 2018",1369,1460,1361,1459,104 725 000,1 475 548 379
431,"Apr 10, 2018",1365,1378,1335,1365,73 476 000,1 380 096 673
432,"Apr 09, 2018",1414,1451,1335,1363,94 279 200,1 377 760 900
433,"Apr 08, 2018",1347,1448,1345,1412,95 690 304,1 426 747 763
434,"Apr 07, 2018",1315,1380,1314,1347,79 211 104,1 360 822 819
435,"Apr 06, 2018",1369,1385,1304,1315,84 228 496,1 328 254 703
436,"Apr 05, 2018",1365,1381,1324,1372,97 405 600,1 385 108 573
437,"Apr 04, 2018",1512,1512,1353,1364,106 000 000,1 377 470 981
438,"Apr 03, 2018",1416,1527,1402,1516,140 058 000,1 530 705 773
439,"Apr 02, 2018",1362,1433,1352,1413,123 715 000,1 425 789 057
440,"Apr 01, 2018",1441,1452,1314,1358,122 407 000,1 369 826 749
441,"Mar 31, 2018",1440,1494,1429,1437,123 343 000,1 449 457 637
442,"Mar 30, 2018",1464,1508,1389,1439,171 606 000,1 451 463 551
443,"Mar 29, 2018",1611,1617,1456,1468,172 103 008,1 479 868 179
444,"Mar 28, 2018",1587,1684,1584,1610,144 663 008,1 623 006 298
445,"Mar 27, 2018",1648,1706,1536,1591,184 083 008,1 603 517 178
446,"Mar 26, 2018",1809,1813,1552,1648,189 408 000,1 661 117 350
447,"Mar 25, 2018",1837,1856,1800,1809,110 957 000,1 822 603 554
448,"Mar 24, 2018",1913,1939,1845,1850,137 104 992,1 863 485 104
449,"Mar 23, 2018",1969,1969,1815,1904,196 326 000,1 917 439 470
450,"Mar 22, 2018",1979,2073,1855,1967,242 384 000,1 980 334 221
451,"Mar 21, 2018",2029,2152,1929,1980,295 532 000,1 993 083 125
452,"Mar 20, 2018",1961,2107,1801,2021,432 819 008,2 033 673 618
453,"Mar 19, 2018",1691,1965,1633,1965,315 268 000,1 977 658 038
454,"Mar 18, 2018",1625,1691,1448,1679,233 156 992,1 688 737 703
455,"Mar 17, 2018",1776,1797,1609,1632,154 703 008,1 641 227 372
456,"Mar 16, 2018",1850,1851,1733,1778,201 540 992,1 787 391 364
457,"Mar 15, 2018",1719,1931,1594,1841,368 177 984,1 851 067 728
458,"Mar 14, 2018",1995,2022,1625,1715,201 571 008,1 723 898 774
459,"Mar 13, 2018",2046,2084,1974,1992,178 296 000,2 002 083 562
460,"Mar 12, 2018",2157,2179,2014,2050,222 694 000,2 059 415 904
461,"Mar 11, 2018",2088,2185,1997,2158,278 368 000,2 167 062 130
462,"Mar 10, 2018",2251,2293,2078,2091,262 771 008,2 099 933 508
463,"Mar 09, 2018",2271,2326,2051,2248,499 608 992,2 256 466 795
464,"Mar 08, 2018",2219,2517,2118,2267,619 476 992,2 275 258 401
465,"Mar 07, 2018",2506,2548,2105,2212,417 288 992,2 219 490 492
466,"Mar 06, 2018",2683,2729,2491,2510,387 811 008,2 518 143 561
467,"Mar 05, 2018",2965,3025,2651,2684,637 222 016,2 692 577 613
468,"Mar 04, 2018",2916,3135,2878,2969,647 561 984,2 976 992 467
469,"Mar 03, 2018",3079,3200,2862,2919,699 657 024,2 926 660 621
470,"Mar 02, 2018",3375,3402,3043,3077,556 803 968,3 083 911 269
471,"Mar 01, 2018",3364,3480,3211,3376,514 648 000,3 383 346 326
472,"Feb 28, 2018",3600,3642,3341,3369,501 651 008,3 375 868 307
473,"Feb 27, 2018",3624,3747,3551,3625,513 289 984,3 630 890 438
474,"Feb 26, 2018",3685,3711,3467,3608,622 099 008,3 613 128 862
475,"Feb 25, 2018",3857,3877,3488,3641,685 424 000,3 645 681 506
476,"Feb 24, 2018",3783,4071,3692,3884,1 324 419 968,3 888 060 387
477,"Feb 23, 2018",3250,3811,3132,3804,1 132 690 048,3 806 797 342
478,"Feb 22, 2018",3646,3763,3193,3281,711 134 016,3 282 308 270
479,"Feb 21, 2018",3807,4026,3498,3663,904 092 032,3 664 295 247
480,"Feb 20, 2018",3941,4396,3823,3847,1 175 890 048,3 847 116 029
481,"Feb 19, 2018",3469,4026,3393,3929,992 256 000,3 928 613 806
482,"Feb 18, 2018",3501,3508,3152,3488,456 828 992,3 486 470 024
483,"Feb 17, 2018",3497,3540,3438,3499,418 534 016,3 496 289 426
484,"Feb 16, 2018",3443,3534,3290,3503,456 753 984,3 500 231 735
485,"Feb 15, 2018",3483,3565,3283,3453,635 228 032,3 449 230 736
486,"Feb 14, 2018",3432,3644,3340,3504,1 055 340 032,3 499 351 731
487,"Feb 13, 2018",2988,3473,2832,3396,1 135 949 952,3 390 646 133
488,"Feb 12, 2018",2431,3033,2431,2988,541 766 016,2 982 590 517
489,"Feb 11, 2018",2453,2600,2142,2413,378 188 992,2 407 815 127
490,"Feb 10, 2018",2595,2665,2308,2452,256 180 992,2 445 802 366
491,"Feb 09, 2018",2189,2621,2100,2600,393 048 992,2 593 088 434
492,"Feb 08, 2018",1815,2196,1815,2179,265 155 008,2 173 193 031
493,"Feb 07, 2018",1918,2045,1745,1816,212 987 008,1 810 195 966
494,"Feb 06, 2018",1675,1942,1406,1939,318 212 000,1 932 458 057
495,"Feb 05, 2018",2076,2119,1590,1653,171 500 000,1 646 840 602
496,"Feb 04, 2018",2419,2473,1991,2104,218 348 000,2 095 804 167
497,"Feb 03, 2018",2315,2474,2076,2420,179 080 992,2 409 975 713
498,"Feb 02, 2018",2495,2495,1837,2307,340 095 008,2 297 501 840
499,"Feb 01, 2018",2877,2888,2374,2497,251 254 000,2 485 813 515
500,"Jan 31, 2018",2721,2876,2596,2876,271 852 000,2 862 161 900
501,"Jan 30, 2018",3177,3177,2698,2713,235 160 000,2 699 947 203
502,"Jan 29, 2018",3321,3366,3097,3171,197 076 000,3 155 039 735
503,"Jan 28, 2018",2962,3440,2962,3290,350 799 008,3 272 200 633
504,"Jan 27, 2018",2876,3013,2815,2949,127 839 000,2 932 638 039
505,"Jan 26, 2018",2910,2969,2682,2880,198 044 992,2 862 489 274
506,"Jan 25, 2018",2989,3039,2879,2919,162 748 992,2 901 469 362
507,"Jan 24, 2018",2847,3054,2808,2960,187 788 992,2 941 496 710
508,"Jan 23, 2018",2928,3017,2655,2837,230 031 008,2 817 842 585
509,"Jan 22, 2018",3059,3284,2692,2926,321 230 016,2 906 360 166
510,"Jan 21, 2018",3549,3621,2928,3032,381 507 008,3 010 653 322
511,"Jan 20, 2018",3209,3556,3209,3501,418 291 008,3 475 179 012
512,"Jan 19, 2018",3003,3434,2907,3170,394 036 992,3 146 383 176
513,"Jan 18, 2018",2924,3289,2802,3019,455 046 016,2 994 996 280
514,"Jan 17, 2018",2838,3036,2249,2912,598 707 008,2 888 868 875
515,"Jan 16, 2018",4049,4049,2326,2846,699 985 024,2 822 092 314
516,"Jan 15, 2018",4268,4370,4043,4050,615 006 976,4 014 952 906
517,"Jan 14, 2018",4289,4650,4085,4296,1 314 400 000,4 257 987 458
518,"Jan 13, 2018",3618,4316,3578,4239,876 580 992,4 201 116 829
519,"Jan 12, 2018",3306,3703,3191,3640,536 064 000,3 606 646 679
520,"Jan 11, 2018",3691,3797,3143,3279,586 657 984,3 248 207 855
521,"Jan 10, 2018",3813,3927,3468,3695,862 859 008,3 659 195 005
522,"Jan 09, 2018",3409,3905,3176,3832,808 371 008,3 793 891 131
523,"Jan 08, 2018",4112,4441,2953,3419,798 928 000,3 383 672 867
524,"Jan 07, 2018",3844,4244,3842,4079,423 276 000,4 036 610 679
525,"Jan 06, 2018",3631,3899,3590,3842,362 468 992,3 801 328 653
526,"Jan 05, 2018",3617,3828,3590,3620,517 583 008,3 580 319 005
527,"Jan 04, 2018",3444,3935,3231,3632,1 733 939 968,3 591 165 715
528,"Jan 03, 2018",3491,3551,3284,3486,910 507 008,3 446 496 747
529,"Jan 02, 2018",3446,3803,3405,3492,615 984 000,3 450 958 113
530,"Jan 01, 2018",2805,3703,2732,3417,870 412 992,3 376 079 733
531,"Dec 31, 2017",2674,2843,2664,2800,169 331 008,2 765 758 520
532,"Dec 30, 2017",3004,3004,2625,2692,241 644 992,2 658 215 982
533,"Dec 29, 2017",2965,3067,2816,3003,239 663 008,2 965 508 798
534,"Dec 28, 2017",3216,3224,2828,2953,307 104 000,2 914 628 519
535,"Dec 27, 2017",3283,3322,3126,3214,217 743 008,3 171 376 070
536,"Dec 26, 2017",3246,3399,3197,3290,317 646 016,3 246 226 843
537,"Dec 25, 2017",3091,3244,3069,3235,258 235 008,3 191 249 302
538,"Dec 24, 2017",3300,3300,2822,3078,316 552 992,3 035 711 937
539,"Dec 23, 2017",3154,3514,3113,3272,385 223 008,3 226 397 184
540,"Dec 22, 2017",4242,4268,2376,3096,817 384 000,3 051 526 349
541,"Dec 21, 2017",4386,4777,3969,4210,825 238 976,4 148 728 438
542,"Dec 20, 2017",4037,4486,3732,4405,920 793 024,4 339 511 028
543,"Dec 19, 2017",3941,4624,3861,4027,931 713 024,3 966 380 730
544,"Dec 18, 2017",3485,4240,3253,3940,1 072 099 968,3 879 505 389
545,"Dec 17, 2017",3478,3641,3420,3479,428 825 984,3 424 596 336
546,"Dec 16, 2017",3203,3902,3130,3478,1 104 770 048,3 422 961 215
547,"Dec 15, 2017",3202,3270,2847,3209,526 729 984,3 157 094 237
548,"Dec 14, 2017",2964,3407,2961,3196,632 755 008,3 144 202 883
549,"Dec 13, 2017",3029,3324,2795,2972,688 510 976,2 922 980 922
550,"Dec 12, 2017",2775,3339,2742,3032,819 044 992,2 981 089 979
551,"Dec 11, 2017",2648,2943,2648,2764,470 359 008,2 717 272 222
552,"Dec 10, 2017",2922,2922,2420,2651,463 748 000,2 604 940 401
553,"Dec 09, 2017",2977,3305,2672,2909,585 616 000,2 858 098 472
554,"Dec 08, 2017",2689,3005,2545,3005,581 400 000,2 951 454 570
555,"Dec 07, 2017",2790,3004,2677,2682,449 012 992,2 633 283 186
556,"Dec 06, 2017",3049,3051,2731,2786,407 100 000,2 734 701 359
557,"Dec 05, 2017",3040,3123,2958,3039,331 676 992,2 981 320 807
558,"Dec 04, 2017",3044,3088,2962,3040,274 351 008,2 981 411 645
559,"Dec 03, 2017",3077,3179,2987,3046,401 675 008,2 986 400 881
560,"Dec 02, 2017",3118,3266,2981,3080,605 113 024,3 018 997 143
561,"Dec 01, 2017",2795,3154,2550,3120,853 734 976,3 057 586 190
562,"Nov 30, 2017",2601,2944,2259,2819,968 075 008,2 761 260 176
563,"Nov 29, 2017",3399,3425,2467,2542,919 393 024,2 489 444 179
564,"Nov 28, 2017",2574,3485,2560,3398,1 640 679 936,3 326 669 269
565,"Nov 27, 2017",2216,2655,2170,2575,718 945 024,2 520 220 899
566,"Nov 26, 2017",2173,2261,2135,2222,494 332 992,2 173 326 720
567,"Nov 25, 2017",2133,2275,2021,2171,370 135 008,2 122 704 405
568,"Nov 24, 2017",1826,2176,1807,2145,373 044 992,2 096 902 102
569,"Nov 23, 2017",1802,1877,1777,1823,186 523 008,1 781 155 822
570,"Nov 22, 2017",1774,1815,1773,1799,93 779 000,1 757 824 409
571,"Nov 21, 2017",1840,1847,1728,1780,186 210 000,1 738 471 067
572,"Nov 20, 2017",1794,1868,1784,1839,147 752 000,1 796 022 465
573,"Nov 19, 2017",1773,1807,1758,1792,110 618 000,1 748 754 545
574,"Nov 18, 2017",1721,1812,1700,1772,159 452 992,1 728 856 893
575,"Nov 17, 2017",1677,1758,1676,1724,150 956 992,1 682 062 260
576,"Nov 16, 2017",1750,1750,1639,1688,182 720 992,1 646 040 298
577,"Nov 15, 2017",1784,1792,1721,1755,149 567 008,1 710 555 789
578,"Nov 14, 2017",1608,1874,1608,1787,449 737 984,1 740 993 908
579,"Nov 13, 2017",1531,1666,1447,1611,350 880 000,1 568 963 094
580,"Nov 12, 2017",1946,2175,1504,1518,697 452 992,1 478 652 812
581,"Nov 11, 2017",1462,1981,1459,1942,958 982 016,1 890 696 045
582,"Nov 10, 2017",1419,1535,1392,1460,299 856 992,1 421 180 862
583,"Nov 09, 2017",1398,1450,1390,1421,129 201 000,1 382 413 467
584,"Nov 08, 2017",1409,1443,1373,1402,139 534 000,1 363 672 191
585,"Nov 07, 2017",1414,1499,1358,1392,173 760 992,1 353 625 760
586,"Nov 06, 2017",1330,1564,1313,1433,435 668 000,1 393 049 850
587,"Nov 05, 2017",1186,1423,1180,1324,333 395 008,1 286 744 654
588,"Nov 04, 2017",1263,1265,1123,1189,149 319 008,1 155 057 878
589,"Nov 03, 2017",1024,1273,1020,1266,146 543 008,1 229 607 054
590,"Nov 02, 2017",1027,1038,982,1024,39 190 200,993 902 494
591,"Nov 01, 2017",1060,1067,1025,1026,30 011 800,995 949 500
592,"Oct 31, 2017",1087,1094,1062,1062,27 241 200,1 030 407 282
593,"Oct 30, 2017",1084,1097,1080,1087,20 081 700,1 054 316 893
594,"Oct 29, 2017",1059,1120,1059,1086,65 005 200,1 052 343 080
595,"Oct 28, 2017",1040,1068,1029,1055,24 204 100,1 022 365 574
596,"Oct 27, 2017",1049,1056,1032,1039,21 540 100,1 006 060 594
597,"Oct 26, 2017",1062,1072,1046,1050,18 961 900,1 016 861 409
598,"Oct 25, 2017",1058,1075,1030,1063,25 582 600,1 029 144 029
599,"Oct 24, 2017",1028,1099,1000,1060,41 969 800,1 025 442 212
600,"Oct 23, 2017",1082,1082,997,1028,39 358 200,994 176 606
601,"Oct 22, 2017",1093,1125,1072,1083,19 648 600,1 047 198 320
602,"Oct 21, 2017",1121,1131,1079,1092,20 451 400,1 055 723 650
603,"Oct 20, 2017",1136,1151,1122,1122,28 250 900,1 084 588 576
604,"Oct 19, 2017",1152,1161,1129,1134,25 045 400,1 096 081 698
605,"Oct 18, 2017",1192,1192,1081,1153,55 644 800,1 113 482 918
606,"Oct 17, 2017",1190,1247,1174,1192,75 268 896,1 150 550 090
607,"Oct 16, 2017",1195,1210,1183,1189,28 608 500,1 147 468 313
608,"Oct 15, 2017",1224,1266,1160,1195,52 181 800,1 153 010 248
609,"Oct 14, 2017",1220,1254,1206,1226,38 425 100,1 182 373 931
610,"Oct 13, 2017",1200,1247,1166,1218,79 837 000,1 174 949 127
611,"Oct 12, 2017",1151,1209,1141,1196,56 959 300,1 153 175 929
612,"Oct 11, 2017",1155,1159,1141,1149,17 991 900,1 107 771 068
613,"Oct 10, 2017",1149,1166,1135,1154,27 818 000,1 111 542 053
614,"Oct 09, 2017",1212,1213,1124,1150,40 264 100,1 107 189 170
615,"Oct 08, 2017",1228,1245,1210,1212,32 447 800,1 167 277 844
616,"Oct 07, 2017",1232,1232,1209,1228,18 414 400,1 181 488 790
617,"Oct 06, 2017",1194,1240,1194,1234,30 320 700,1 187 084 250
618,"Oct 05, 2017",1197,1205,1162,1195,26 552 900,1 149 201 784
619,"Oct 04, 2017",1238,1240,1195,1197,23 010 900,1 150 960 517
620,"Oct 03, 2017",1247,1249,1177,1241,38 300 200,1 192 482 269
621,"Oct 02, 2017",1274,1287,1238,1244,36 422 500,1 195 046 481
622,"Oct 01, 2017",1298,1301,1263,1274,44 133 200,1 223 823 593
623,"Sep 30, 2017",1251,1315,1251,1298,81 530 800,1 246 875 010
624,"Sep 29, 2017",1277,1325,1204,1252,123 657 000,1 201 644 755
625,"Sep 28, 2017",1263,1368,1227,1273,175 932 000,1 221 890 686
626,"Sep 27, 2017",1123,1286,1120,1265,119 565 000,1 213 895 588
627,"Sep 26, 2017",1087,1196,1071,1124,84 319 600,1 078 084 934
628,"Sep 25, 2017",1041,1098,1041,1086,34 197 100,1 041 167 240
629,"Sep 24, 2017",1061,1070,1035,1044,21 480 300,1 000 436 734
630,"Sep 23, 2017",1021,1077,1012,1061,27 727 300,1 016 621 502
631,"Sep 22, 2017",1010,1053,993,1026,31 855 800,982 731 029
632,"Sep 21, 2017",1121,1124,1002,1007,39 347 200,964 530 094
633,"Sep 20, 2017",1144,1156,1118,1125,41 369 200,1 076 642 272
634,"Sep 19, 2017",1183,1193,1113,1148,69 938 096,1 097 999 229
635,"Sep 18, 2017",1001,1181,1001,1179,117 958 000,1 127 783 996
636,"Sep 17, 2017",992,1021,946,1002,55 522 700,958 400 278
637,"Sep 16, 2017",1024,1119,962,993,146 996 000,948 661 666
638,"Sep 15, 2017",909,1120,767,1024,434 920 992,978 261 689
639,"Sep 14, 2017",1405,1424,900,913,220 330 000,872 064 707
640,"Sep 13, 2017",1445,1445,1367,1411,103 257 000,1 347 557 880
641,"Sep 12, 2017",1467,1565,1428,1444,167 338 000,1 378 678 806
642,"Sep 11, 2017",1362,1483,1353,1461,142 588 000,1 393 880 199
643,"Sep 10, 2017",1484,1486,1243,1366,210 528 000,1 303 347 495
644,"Sep 09, 2017",1514,1568,1457,1489,131 722 000,1 420 086 957
645,"Sep 08, 2017",1786,1809,1470,1520,269 884 000,1 448 916 566
646,"Sep 07, 2017",1901,1901,1764,1781,187 200 992,1 697 030 410
647,"Sep 06, 2017",1659,1902,1659,1902,228 007 008,1 812 163 681
648,"Sep 05, 2017",1582,1685,1430,1658,218 190 000,1 579 293 407
649,"Sep 04, 2017",1854,1871,1537,1584,243 535 008,1 507 769 338
650,"Sep 03, 2017",2018,2047,1807,1857,221 986 000,1 767 284 718
651,"Sep 02, 2017",2204,2368,1818,2008,648 787 008,1 910 381 453
652,"Sep 01, 2017",1640,2245,1632,2194,821 440 000,2 086 329 040
653,"Aug 31, 2017",1568,1647,1566,1638,86 584 896,1 557 357 301
654,"Aug 30, 2017",1580,1606,1548,1566,66 337 400,1 488 803 529
655,"Aug 29, 2017",1579,1599,1572,1579,68 677 504,1 500 195 534
656,"Aug 28, 2017",1609,1646,1565,1579,96 308 800,1 498 586 681
657,"Aug 27, 2017",1527,1637,1526,1602,150 740 000,1 520 676 352
658,"Aug 26, 2017",1528,1532,1511,1529,41 284 600,1 450 923 606
659,"Aug 25, 2017",1513,1542,1509,1528,49 610 500,1 450 007 358
660,"Aug 24, 2017",1536,1599,1510,1514,105 296 000,1 436 019 000
661,"Aug 23, 2017",1447,1703,1433,1529,325 316 992,1 449 924 658
662,"Aug 22, 2017",1457,1497,1375,1439,97 160 200,1 364 170 678
663,"Aug 21, 2017",1389,1504,1386,1456,114 021 000,1 379 544 994
664,"Aug 20, 2017",1368,1411,1360,1389,40 155 000,1 315 548 035
665,"Aug 19, 2017",1386,1407,1346,1370,48 175 900,1 297 064 897
666,"Aug 18, 2017",1389,1442,1374,1381,70 150 096,1 307 689 222
667,"Aug 17, 2017",1423,1434,1385,1393,50 306 000,1 318 229 299
668,"Aug 16, 2017",1369,1466,1352,1419,77 467 600,1 342 062 995
669,"Aug 15, 2017",1407,1409,1353,1369,49 456 900,1 293 957 454
670,"Aug 14, 2017",1429,1454,1405,1408,38 585 500,1 331 479 723
671,"Aug 13, 2017",1478,1480,1409,1430,58 116 600,1 351 013 713
672,"Aug 12, 2017",1518,1528,1476,1481,50 077 000,1 398 750 000
673,"Aug 11, 2017",1516,1547,1504,1517,46 330 400,1 432 955 480
674,"Aug 10, 2017",1540,1558,1519,1519,42 596 500,1 434 120 818
675,"Aug 09, 2017",1587,1625,1522,1538,95 728 896,1 451 754 445
676,"Aug 08, 2017",1530,1595,1523,1588,88 294 200,1 497 769 499
677,"Aug 07, 2017",1533,1548,1517,1531,59 522 900,1 444 399 689
678,"Aug 06, 2017",1596,1634,1535,1535,81 856 704,1 447 321 985
679,"Aug 05, 2017",1503,1593,1498,1593,98 290 896,1 501 386 181
680,"Aug 04, 2017",1537,1545,1494,1504,51 110 000,1 416 794 909
681,"Aug 03, 2017",1476,1548,1458,1537,74 707 904,1 447 959 736
682,"Aug 02, 2017",1460,1511,1441,1477,81 127 104,1 390 349 151
683,"Aug 01, 2017",1402,1469,1385,1457,86 270 496,1 371 556 646
684,"Jul 31, 2017",1378,1414,1355,1400,44 660 400,1 317 399 450
685,"Jul 30, 2017",1433,1441,1376,1381,37 797 400,1 298 616 237
686,"Jul 29, 2017",1416,1447,1348,1440,65 494 300,1 354 046 026
687,"Jul 28, 2017",1465,1475,1404,1416,48 972 400,1 331 294 016
688,"Jul 27, 2017",1481,1483,1460,1466,28 722 600,1 377 170 230
689,"Jul 26, 2017",1486,1508,1422,1477,46 058 800,1 386 986 848
690,"Jul 25, 2017",1589,1593,1449,1492,74 645 504,1 401 420 465
691,"Jul 24, 2017",1584,1602,1556,1588,38 370 000,1 490 479 068
692,"Jul 23, 2017",1652,1662,1537,1578,76 647 400,1 480 467 102
693,"Jul 22, 2017",1611,1658,1606,1651,70 103 296,1 549 100 680
694,"Jul 21, 2017",1612,1686,1575,1614,178 167 008,1 513 870 330
695,"Jul 20, 2017",1495,1606,1495,1606,179 260 992,1 506 025 511
696,"Jul 19, 2017",1643,1645,1457,1483,153 459 008,1 389 387 670
697,"Jul 18, 2017",1551,1706,1479,1640,282 383 008,1 535 701 815
698,"Jul 17, 2017",1440,1569,1380,1550,300 782 016,1 450 550 460
699,"Jul 16, 2017",1471,1536,1225,1418,249 231 008,1 327 397 438
700,"Jul 15, 2017",1760,1760,1438,1477,243 159 008,1 382 172 463
701,"Jul 14, 2017",1841,1860,1685,1755,215 528 000,1 642 129 418
702,"Jul 13, 2017",2005,2072,1736,1836,429 172 992,1 716 932 724
703,"Jul 12, 2017",1469,2042,1423,1994,725 473 024,1 864 693 669
704,"Jul 11, 2017",1522,1603,1317,1472,194 378 000,1 376 206 596
705,"Jul 10, 2017",1624,1749,1443,1548,146 147 008,1 445 970 483
706,"Jul 09, 2017",1697,1745,1626,1626,56 397 400,1 518 485 331
707,"Jul 08, 2017",1674,1699,1538,1699,113 998 000,1 586 464 334
708,"Jul 07, 2017",1796,1817,1667,1675,63 005 000,1 563 061 389
709,"Jul 06, 2017",1777,1818,1750,1791,62 603 300,1 671 397 368
710,"Jul 05, 2017",1805,1805,1739,1777,57 671 900,1 657 562 241
711,"Jul 04, 2017",1784,1859,1784,1805,85 616 704,1 683 052 828
712,"Jul 03, 2017",1791,1832,1753,1785,80 328 000,1 664 137 328
713,"Jul 02, 2017",1774,1812,1697,1791,88 689 504,1 668 372 644
714,"Jul 01, 2017",1875,1879,1751,1781,64 563 300,1 658 928 604
715,"Jun 30, 2017",1860,1981,1860,1892,120 634 000,1 761 453 346
716,"Jun 29, 2017",1962,1966,1833,1866,102 812 000,1 737 087 961
717,"Jun 28, 2017",1916,1984,1807,1965,181 039 008,1 828 654 071
718,"Jun 27, 2017",1968,2024,1656,1914,304 732 992,1 780 820 330
719,"Jun 26, 2017",2153,2247,1770,1958,269 996 000,1 820 646 827
720,"Jun 25, 2017",2014,2386,1945,2142,441 712 000,1 990 807 768
721,"Jun 24, 2017",2136,2138,2012,2019,64 584 600,1 875 988 084
722,"Jun 23, 2017",2080,2156,2061,2134,77 701 104,1 982 448 658
723,"Jun 22, 2017",2076,2105,2028,2079,89 949 504,1 930 692 232
724,"Jun 21, 2017",2169,2191,1984,2070,166 312 992,1 921 643 710
725,"Jun 20, 2017",2302,2304,2142,2168,161 372 992,2 011 906 412
726,"Jun 19, 2017",2205,2366,2197,2295,270 192 000,2 128 511 439
727,"Jun 18, 2017",2303,2462,2173,2207,489 568 992,2 046 190 120
728,"Jun 17, 2017",1838,2400,1833,2327,415 396 992,2 157 419 753
729,"Jun 16, 2017",1833,1856,1759,1840,89 917 104,1 704 920 122
730,"Jun 15, 2017",1886,1893,1610,1836,178 224 992,1 700 485 204
731,"Jun 14, 2017",2076,2106,1812,1884,126 599 000,1 744 383 981
732,"Jun 13, 2017",2026,2102,1980,2074,153 774 000,1 920 151 663
733,"Jun 12, 2017",2157,2294,1802,2033,315 523 008,1 881 084 828
734,"Jun 11, 2017",1950,2215,1816,2157,415 108 992,1 995 246 912
735,"Jun 10, 2017",1745,1966,1743,1966,195 638 000,1 817 872 373
736,"Jun 09, 2017",1754,1766,1733,1745,57 805 600,1 612 873 976
737,"Jun 08, 2017",1753,1778,1717,1754,52 434 000,1 620 184 989
738,"Jun 07, 2017",1750,1838,1701,1751,133 332 000,1 617 735 903
739,"Jun 06, 2017",1735,1783,1678,1749,94 322 304,1 615 440 321
740,"Jun 05, 2017",1743,1743,1690,1731,65 380 500,1 597 823 561
741,"Jun 04, 2017",1636,1755,1609,1748,105 612 000,1 612 320 530
742,"Jun 03, 2017",1739,1753,1614,1626,94 317 504,1 499 663 193
743,"Jun 02, 2017",1684,1751,1684,1738,74 579 104,1 603 286 449
744,"Jun 01, 2017",1762,1794,1663,1683,129 554 000,1 552 074 381
745,"May 31, 2017",1874,1874,1668,1768,169 218 000,1 629 363 791
746,"May 30, 2017",1713,1886,1688,1854,151 988 992,1 708 361 418
747,"May 29, 2017",1623,1742,1524,1710,100 235 000,1 575 088 441
748,"May 28, 2017",1656,1736,1410,1613,159 008 992,1 485 176 874
749,"May 27, 2017",1396,1626,1058,1626,220 003 008,1 496 930 753
750,"May 26, 2017",1652,1799,1317,1426,321 918 016,1 309 727 384
751,"May 25, 2017",1922,2235,1576,1635,575 964 032,1 504 188 833
752,"May 24, 2017",1202,2130,1190,1887,319 905 984,1 735 118 022
753,"May 23, 2017",997,1194,984,1194,116 546 000,1 097 462 051
754,"May 22, 2017",900,1100,894,990,169 832 000,909 619 757
755,"May 21, 2017",739,940,737,940,64 632 100,863 422 623
756,"May 20, 2017",799,821,741,741,38 813 800,680 283 943
757,"May 19, 2017",672,822,662,799,90 591 104,733 602 438
758,"May 18, 2017",592,676,589,673,41 864 200,617 446 831
759,"May 17, 2017",624,628,574,593,29 290 700,543 730 930
760,"May 16, 2017",639,651,603,626,22 364 100,573 600 008
761,"May 15, 2017",683,683,636,641,19 609 300,587 487 963
762,"May 14, 2017",617,708,617,683,29 682 700,625 418 858
763,"May 13, 2017",633,637,601,614,12 663 500,562 573 879
764,"May 12, 2017",648,667,634,634,18 365 500,580 474 061
765,"May 11, 2017",662,684,631,648,21 112 300,593 375 456
766,"May 10, 2017",643,681,629,660,34 371 500,603 546 560
767,"May 09, 2017",666,666,564,644,58 464 400,589 339 555
768,"May 08, 2017",711,711,657,666,38 785 200,609 129 371
769,"May 07, 2017",729,755,693,712,36 206 300,651 119 139
770,"May 06, 2017",755,758,698,727,31 552 400,664 316 274
771,"May 05, 2017",768,810,731,753,60 387 300,687 997 905
772,"May 04, 2017",667,763,667,763,61 868 400,696 759 950
773,"May 03, 2017",654,685,644,667,35 759 200,608 450 944
774,"May 02, 2017",694,708,622,658,56 020 100,600 839 145
775,"May 01, 2017",649,764,624,689,118 589 000,628 056 202
776,"Apr 30, 2017",544,661,533,652,82 888 200,594 207 939
777,"Apr 29, 2017",488,543,483,542,36 329 100,493 788 968
778,"Apr 28, 2017",495,509,461,484,29 110 500,441 417 716
779,"Apr 27, 2017",460,511,459,495,57 485 800,450 557 797
780,"Apr 26, 2017",397,464,392,459,46 981 900,417 716 090
781,"Apr 25, 2017",405,413,383,396,25 195 800,360 531 172
782,"Apr 24, 2017",357,411,357,405,42 912 000,368 390 930
783,"Apr 23, 2017",323,354,319,354,17 227 400,321 811 402
784,"Apr 22, 2017",318,326,317,323,5 842 940,293 798 956
785,"Apr 21, 2017",328,336,314,318,12 069 800,289 206 118
786,"Apr 20, 2017",315,347,310,328,25 077 400,297 888 182
787,"Apr 19, 2017",289,329,282,314,18 424 100,285 637 044
788,"Apr 18, 2017",262,296,261,289,12 008 300,261 654 086
789,"Apr 17, 2017",263,265,259,262,3 539 730,237 362 272
790,"Apr 16, 2017",268,269,261,263,3 454 270,238 129 411
791,"Apr 15, 2017",264,268,262,268,3 488 550,242 929 014
792,"Apr 14, 2017",263,270,255,264,6 137 310,239 739 858
793,"Apr 13, 2017",262,266,260,262,5 216 010,237 871 517
794,"Apr 12, 2017",254,266,252,262,4 452 230,237 277 124
795,"Apr 11, 2017",260,260,254,254,3 092 580,229 669 498
796,"Apr 10, 2017",264,265,253,260,5 163 570,235 682 522
797,"Apr 09, 2017",272,272,258,264,6 335 860,239 350 923
798,"Apr 08, 2017",271,277,263,272,6 855 690,245 745 838
799,"Apr 07, 2017",267,274,256,273,5 287 300,247 115 563
800,"Apr 06, 2017",275,281,246,268,10 892 200,241 979 886
801,"Apr 05, 2017",268,280,265,276,5 603 160,249 262 887
802,"Apr 04, 2017",260,271,258,267,6 273 250,241 735 545
803,"Apr 03, 2017",265,277,251,260,9 722 960,235 093 365
804,"Apr 02, 2017",275,282,252,264,10 883 300,238 854 521
805,"Apr 01, 2017",282,282,275,276,6 321 790,248 781 617
806,"Mar 31, 2017",280,299,260,283,24 881 200,255 217 346
807,"Mar 30, 2017",233,299,228,283,19 426 400,255 347 706
808,"Mar 29, 2017",227,238,225,233,5 549 740,209 862 506
809,"Mar 28, 2017",214,235,214,227,7 125 770,204 410 376
810,"Mar 27, 2017",236,237,212,213,7 221 650,192 362 542
811,"Mar 26, 2017",228,238,228,231,4 810 060,208 203 114
812,"Mar 25, 2017",242,243,228,228,7 542 960,205 440 770
813,"Mar 24, 2017",229,248,227,241,12 123 700,217 241 165
814,"Mar 23, 2017",239,240,224,229,7 279 450,206 089 220
815,"Mar 22, 2017",243,251,225,240,18 969 200,215 994 734
816,"Mar 21, 2017",195,243,191,243,21 455 000,218 137 927
817,"Mar 20, 2017",193,201,193,195,6 100 770,175 416 897
818,"Mar 19, 2017",171,200,171,192,6 790 520,172 741 857
819,"Mar 18, 2017",191,191,165,170,9 267 590,152 534 342
820,"Mar 17, 2017",209,222,181,191,20 132 500,171 120 124
821,"Mar 16, 2017",181,213,180,213,19 379 700,191 547 631
822,"Mar 15, 2017",166,180,164,180,5 906 800,161 676 131
823,"Mar 14, 2017",165,178,163,165,9 565 220,148 495 984
824,"Mar 13, 2017",142,167,142,165,9 504 840,147 817 121
825,"Mar 12, 2017",139,143,137,142,3 137 590,127 662 841
826,"Mar 11, 2017",130,139,130,138,1 985 600,124 068 475
827,"Mar 10, 2017",133,138,123,130,4 351 910,116 218 135
828,"Mar 09, 2017",129,133,128,132,1 248 670,118 676 985
829,"Mar 08, 2017",137,137,129,129,1 960 780,115 180 848
830,"Mar 07, 2017",143,144,135,137,2 220 840,122 958 422
831,"Mar 06, 2017",140,144,140,143,1 172 880,127 937 771
832,"Mar 05, 2017",143,144,139,140,1 580 650,125 058 864
833,"Mar 04, 2017",144,148,140,143,2 412 650,128 113 490
834,"Mar 03, 2017",137,144,135,144,4 159 960,128 657 235
835,"Mar 02, 2017",140,140,134,136,3 776 100,121 828 082
836,"Mar 01, 2017",124,142,123,140,4 561 930,125 036 251
837,"Feb 28, 2017",124,126,123,124,1 444 190,110 448 160
838,"Feb 27, 2017",125,126,123,123,1 284 690,110 128 700
839,"Feb 26, 2017",121,125,120,125,1 486 190,111 374 115
840,"Feb 25, 2017",121,122,117,121,1 337 270,108 051 168
841,"Feb 24, 2017",123,124,120,121,2 141 280,107 756 200
842,"Feb 23, 2017",121,123,120,122,1 254 060,108 971 367
843,"Feb 22, 2017",124,125,121,121,1 014 370,108 020 007
844,"Feb 21, 2017",122,125,121,124,1 034 130,110 717 409
845,"Feb 20, 2017",122,124,122,122,609 461,108 963 092
846,"Feb 19, 2017",122,124,122,122,642 421,108 831 634
847,"Feb 18, 2017",123,124,121,122,1 130 150,108 572 320
848,"Feb 17, 2017",123,125,123,123,781 116,109 373 277
849,"Feb 16, 2017",126,127,123,124,1 067 180,109 817 453
850,"Feb 15, 2017",125,128,124,126,1 164 420,112 136 278
851,"Feb 14, 2017",120,125,119,125,1 588 940,110 862 064
852,"Feb 13, 2017",123,123,118,119,1 459 080,105 978 687
853,"Feb 12, 2017",124,124,121,123,1 574 630,108 822 756
854,"Feb 11, 2017",126,129,123,124,1 627 780,109 644 189
855,"Feb 10, 2017",127,128,121,126,1 814 640,111 682 127
856,"Feb 09, 2017",146,148,120,127,4 496 600,112 845 594
857,"Feb 08, 2017",148,150,142,145,1 227 740,128 966 537
858,"Feb 07, 2017",148,153,147,147,1 381 580,130 360 820
859,"Feb 06, 2017",139,150,139,147,2 217 650,130 524 902
860,"Feb 05, 2017",139,139,136,139,734 278,122 956 520
861,"Feb 04, 2017",136,140,136,139,888 228,123 389 230
862,"Feb 03, 2017",136,138,135,136,985 487,120 714 663
863,"Feb 02, 2017",135,137,133,136,486 080,120 164 402
864,"Feb 01, 2017",136,138,135,136,738 198,119 939 500
865,"Jan 31, 2017",135,138,133,136,1 080 040,120 203 322
866,"Jan 30, 2017",130,135,129,135,564 097,119 309 688
867,"Jan 29, 2017",130,131,129,130,308 654,114 709 343
868,"Jan 28, 2017",128,131,128,130,513 562,115 235 355
869,"Jan 27, 2017",133,135,128,128,1 341 760,113 061 184
870,"Jan 26, 2017",129,136,129,133,948 543,117 627 850
871,"Jan 25, 2017",136,137,129,129,1 373 550,113 771 545
872,"Jan 24, 2017",139,140,136,136,921 969,119 966 708
873,"Jan 23, 2017",139,140,137,140,797 981,123 851 746
874,"Jan 22, 2017",141,147,136,138,1 770 900,121 843 597
875,"Jan 21, 2017",134,144,134,141,3 094 200,124 549 494
876,"Jan 20, 2017",117,140,116,134,4 968 780,118 186 061
877,"Jan 19, 2017",120,122,116,117,686 642,103 032 748
878,"Jan 18, 2017",121,122,116,120,984 448,105 904 138
879,"Jan 17, 2017",118,123,118,121,1 531 790,106 635 912
880,"Jan 16, 2017",119,120,117,118,368 937,103 559 737
881,"Jan 15, 2017",120,121,116,119,748 170,104 366 227
882,"Jan 14, 2017",121,123,119,120,574 209,105 775 809
883,"Jan 13, 2017",121,125,117,121,1 510 150,105 895 536
884,"Jan 12, 2017",117,125,112,122,1 906 150,106 729 236
885,"Jan 11, 2017",143,145,115,118,3 176 450,103 262 197
886,"Jan 10, 2017",141,145,141,143,1 161 360,125 827 106
887,"Jan 09, 2017",145,146,139,141,1 833 120,123 642 864
888,"Jan 08, 2017",144,150,142,145,1 085 530,126 922 042
889,"Jan 07, 2017",151,151,127,144,3 523 930,126 206 438
890,"Jan 06, 2017",163,165,142,151,3 402 610,131 907 883
891,"Jan 05, 2017",177,191,144,161,7 339 060,140 607 647
892,"Jan 04, 2017",149,179,149,176,7 173 020,154 443 734
893,"Jan 03, 2017",144,160,141,149,5 508 620,130 608 637
894,"Jan 02, 2017",140,146,136,144,3 098 340,125 743 515
895,"Jan 01, 2017",141,150,135,140,3 570 370,122 203 155
896,"Dec 31, 2016",155,158,133,141,3 908 650,123 523 207
897,"Dec 30, 2016",143,163,142,155,9 605 480,135 076 590
898,"Dec 29, 2016",111,146,111,143,8 164 640,124 836 347
899,"Dec 28, 2016",105,112,104,111,1 532 120,97 205 244
900,"Dec 27, 2016",104,107,103,105,838 558,91 960 150
901,"Dec 26, 2016",107,108,103,104,706 717,91 023 051
902,"Dec 25, 2016",112,113,106,107,1 115 620,93 537 146
903,"Dec 24, 2016",105,113,104,112,1 701 720,97 321 805
904,"Dec 23, 2016",110,111,102,105,4 006 640,91 310 884
905,"Dec 22, 2016",114,116,108,110,2 408 530,95 912 271
906,"Dec 21, 2016",114,117,112,114,2 182 690,99 111 375
907,"Dec 20, 2016",120,120,113,114,2 311 760,99 099 715
908,"Dec 19, 2016",106,121,106,120,3 140 940,104 169 398
909,"Dec 18, 2016",101,106,101,105,632 975,91 648 952
910,"Dec 17, 2016",107,107,991880,101,1 410 390,87 525 539
911,"Dec 16, 2016",108,109,104,107,1 463 920,92 959 971
912,"Dec 15, 2016",992717,111,983595,108,3 175 330,94 113 934
913,"Dec 14, 2016",983412,999941,960026,994840,1 119 820,86 407 184
914,"Dec 13, 2016",909894,998996,909467,983316,1 507 660,85 373 804
915,"Dec 12, 2016",930270,958333,899886,908797,1 153 900,78 873 934
916,"Dec 11, 2016",858400,962086,857915,930446,1 751 520,80 723 000
917,"Dec 10, 2016",809507,871926,802917,860004,547 454,74 582 961
918,"Dec 09, 2016",817856,839118,798441,809223,579 338,70 152 057
919,"Dec 08, 2016",824569,830944,806180,817662,528 148,70 856 935
920,"Dec 07, 2016",782190,833355,773184,822794,582 894,71 274 978
921,"Dec 06, 2016",839794,846754,743399,782294,1 518 070,67 741 803
922,"Dec 05, 2016",768666,856350,755031,837907,1 459 110,72 530 551
923,"Dec 04, 2016",772527,787780,753897,768952,556 114,66 535 433
924,"Dec 03, 2016",802240,807527,769488,772839,396 889,66 847 727
925,"Dec 02, 2016",767199,813424,736627,801643,1 205 640,69 312 869
926,"Dec 01, 2016",747475,791416,746875,766635,413 683,66 261 078
927,"Nov 30, 2016",748118,766068,744628,748166,382 146,64 640 020
928,"Nov 29, 2016",759591,782389,721561,747909,796 887,64 594 458
929,"Nov 28, 2016",777354,785192,757560,759313,267 367,65 554 829
930,"Nov 27, 2016",781763,801659,773297,778122,270 799,67 153 606
931,"Nov 26, 2016",840183,842262,781507,781978,445 946,67 461 287
932,"Nov 25, 2016",771917,861533,763722,845464,1 354 540,72 911 404
933,"Nov 24, 2016",815735,818415,736664,769668,1 100 000,66 350 086
934,"Nov 23, 2016",837902,850430,808571,816454,742 687,70 355 686
935,"Nov 22, 2016",850341,869077,838704,840367,440 341,72 391 307
936,"Nov 21, 2016",858654,862085,844641,850297,273 020,73 220 111
937,"Nov 20, 2016",861040,878762,854087,858533,383 441,73 901 905
938,"Nov 19, 2016",869411,872324,858540,860979,377 116,74 083 755
939,"Nov 18, 2016",892677,899389,869739,871999,545 120,75 002 504
940,"Nov 17, 2016",909435,912217,891184,893229,479 144,76 798 833
941,"Nov 16, 2016",925537,929437,907834,909567,952 217,78 174 127
942,"Nov 15, 2016",891515,930568,883773,922699,671 820,79 272 097
943,"Nov 14, 2016",900257,909434,886552,888597,272 128,76 310 568
944,"Nov 13, 2016",910538,921815,902149,902412,475 268,77 464 317
945,"Nov 12, 2016",917254,942472,902713,909944,727 877,78 079 351
946,"Nov 11, 2016",923158,942383,897221,917606,487 773,78 705 408
947,"Nov 10, 2016",913579,956011,898123,921264,626 060,78 989 473
948,"Nov 09, 2016",941046,941046,908490,913514,976 848,78 295 596
949,"Nov 08, 2016",930693,948537,923585,943784,573 276,80 860 794
950,"Nov 07, 2016",986716,100,927765,927765,1 030 590,79 458 298
951,"Nov 06, 2016",104,104,971174,982655,1 078 790,84 127 046
952,"Nov 05, 2016",971074,106,958100,104,1 950 000,89 093 438
953,"Nov 04, 2016",894031,100,891135,972006,2 084 100,83 152 552
954,"Nov 03, 2016",887828,921573,882403,893556,1 340 080,76 413 372
955,"Nov 02, 2016",885150,900933,876185,885256,677 927,75 676 447
956,"Nov 01, 2016",901279,904825,870474,884664,1 320 260,75 598 157
957,"Oct 31, 2016",930450,930450,897589,903216,878 220,77 156 510
958,"Oct 30, 2016",890189,954583,885454,927473,1 311 260,79 199 175
959,"Oct 29, 2016",940840,972594,872589,889612,2 566 530,75 938 099
960,"Oct 28, 2016",995573,100,942647,942647,1 298 910,80 436 754
961,"Oct 27, 2016",103,104,987830,995753,2 343 270,84 937 116
962,"Oct 26, 2016",102,104,101,103,798 289,88 011 709
963,"Oct 25, 2016",103,104,101,102,1 434 440,86 825 146
964,"Oct 24, 2016",105,105,103,103,613 841,87 666 053
965,"Oct 23, 2016",105,105,103,105,548 805,89 133 789
966,"Oct 22, 2016",103,105,103,105,1 046 830,89 047 936
967,"Oct 21, 2016",104,106,103,103,787 404,87 820 500
968,"Oct 20, 2016",105,106,104,104,715 948,88 725 419
969,"Oct 19, 2016",106,108,103,105,1 033 890,89 644 353
970,"Oct 18, 2016",107,108,102,106,1 721 510,90 160 446
971,"Oct 17, 2016",120,120,107,107,3 167 420,91 291 602
972,"Oct 16, 2016",992743,121,990742,120,3 374 640,102 009 229
973,"Oct 15, 2016",990989,998779,990081,992573,574 708,84 287 341
974,"Oct 14, 2016",101,101,987065,991068,928 586,84 127 550
975,"Oct 13, 2016",104,105,985671,101,1 430 120,85 665 592
976,"Oct 12, 2016",110,110,101,104,2 752 650,87 816 843
977,"Oct 11, 2016",115,117,109,110,2 255 700,92 923 993
978,"Oct 10, 2016",117,117,115,115,1 148 440,97 705 111
979,"Oct 09, 2016",118,119,117,117,397 777,99 022 339
980,"Oct 08, 2016",117,120,116,118,988 691,100 236 472
981,"Oct 07, 2016",117,118,115,117,1 012 830,99 059 929
982,"Oct 06, 2016",119,119,116,117,1 017 020,99 421 650
983,"Oct 05, 2016",116,123,116,119,1 992 410,100 595 459
984,"Oct 04, 2016",119,120,116,116,1 142 370,98 177 993
985,"Oct 03, 2016",119,122,117,119,1 573 360,100 993 497
986,"Oct 02, 2016",119,122,119,119,983 089,100 869 948
987,"Oct 01, 2016",126,126,117,119,2 443 730,100 775 929
988,"Sep 30, 2016",127,127,124,126,745 522,106 030 739
989,"Sep 29, 2016",125,129,122,127,1 282 790,107 023 785
990,"Sep 28, 2016",120,127,120,125,2 066 680,105 087 876
991,"Sep 27, 2016",120,121,117,120,1 938 500,101 304 447
992,"Sep 26, 2016",121,122,120,120,1 228 960,101 105 358
993,"Sep 25, 2016",125,125,121,121,972 037,102 040 070
994,"Sep 24, 2016",124,125,122,125,876 236,105 324 845
995,"Sep 23, 2016",125,129,122,124,1 704 280,104 500 541
996,"Sep 22, 2016",122,133,113,125,6 841 360,105 649 693
997,"Sep 21, 2016",124,126,122,122,2 655 260,103 070 883
998,"Sep 20, 2016",127,128,124,125,2 456 390,105 114 766
999,"Sep 19, 2016",132,133,128,128,1 355 970,107 441 742
1000,"Sep 18, 2016",132,135,132,132,1 962 480,111 328 400
1001,"Sep 17, 2016",132,133,130,132,1 030 080,111 151 501
1002,"Sep 16, 2016",128,134,127,132,1 873 990,111 117 234
1003,"Sep 15, 2016",129,131,127,128,1 366 170,107 384 234
1004,"Sep 14, 2016",129,131,125,129,1 593 070,108 293 334
1005,"Sep 13, 2016",132,133,129,129,1 627 740,108 038 585
1006,"Sep 12, 2016",134,135,131,132,1 735 650,110 708 489
1007,"Sep 11, 2016",142,143,133,134,4 152 550,112 277 174
1008,"Sep 10, 2016",140,145,139,142,1 485 050,118 895 328
1009,"Sep 09, 2016",142,143,137,140,2 336 300,116 929 456
1010,"Sep 08, 2016",148,151,144,144,2 554 920,120 508 757
1011,"Sep 07, 2016",147,148,144,148,2 868 960,123 804 490
1012,"Sep 06, 2016",146,151,144,147,2 566 580,122 698 551
1013,"Sep 05, 2016",146,153,143,145,4 621 750,121 704 322
1014,"Sep 04, 2016",134,146,132,146,3 690 740,121 859 012
1015,"Sep 03, 2016",140,140,132,134,4 659 540,112 168 263
1016,"Sep 02, 2016",146,148,137,139,6 325 890,116 362 567
1017,"Sep 01, 2016",119,149,117,144,13 501 800,120 568 064
1018,"Aug 31, 2016",124,128,117,118,6 098 980,98 891 772
1019,"Aug 30, 2016",126,131,115,124,6 984 970,103 126 920
1020,"Aug 29, 2016",132,134,123,126,6 289 800,105 322 578
1021,"Aug 28, 2016",135,136,129,132,4 837 510,109 972 013
1022,"Aug 27, 2016",144,146,135,135,3 494 870,112 231 948
1023,"Aug 26, 2016",137,147,131,144,6 251 250,119 838 383
1024,"Aug 25, 2016",144,145,126,137,9 500 860,114 301 698
1025,"Aug 24, 2016",161,164,144,144,6 191 350,120 139 190
1026,"Aug 23, 2016",167,168,156,160,6 292 880,133 557 451
1027,"Aug 22, 2016",173,174,162,167,4 757 220,138 836 116
1028,"Aug 21, 2016",175,177,170,172,1 866 780,143 211 684
1029,"Aug 20, 2016",178,178,168,174,3 315 060,145 053 898
1030,"Aug 19, 2016",168,181,161,179,6 186 480,148 591 343
1031,"Aug 18, 2016",174,178,165,169,4 469 650,140 245 161
1032,"Aug 17, 2016",186,187,172,174,5 087 980,144 369 254
1033,"Aug 16, 2016",187,190,180,186,4 062 150,154 159 207
1034,"Aug 15, 2016",193,200,183,186,7 282 060,154 389 754
1035,"Aug 14, 2016",187,198,187,193,6 985 300,159 903 688
1036,"Aug 13, 2016",186,193,182,187,3 822 490,155 312 878
1037,"Aug 12, 2016",184,209,180,185,15 418 800,153 301 252
1038,"Aug 11, 2016",172,196,159,185,17 263 000,153 354 618
1039,"Aug 10, 2016",194,204,164,171,20 082 200,141 789 917
1040,"Aug 09, 2016",217,222,179,195,23 612 300,161 349 946
1041,"Aug 08, 2016",216,238,205,219,15 781 200,180 876 018
1042,"Aug 07, 2016",270,274,206,215,31 153 900,177 588 505
1043,"Aug 06, 2016",259,286,257,270,22 874 700,222 272 437
1044,"Aug 05, 2016",235,260,228,259,20 254 400,213 166 457
1045,"Aug 04, 2016",259,276,210,234,43 516 500,193 153 903
1046,"Aug 03, 2016",278,320,236,260,74 184 496,214 270 712
1047,"Aug 02, 2016",236,353,231,276,147 855 008,227 567 915
1048,"Aug 01, 2016",179,234,178,234,45 924 200,192 669 859
1049,"Jul 31, 2016",157,191,156,180,29 167 500,148 016 084
1050,"Jul 30, 2016",166,171,155,157,10 061 600,129 128 819
1051,"Jul 29, 2016",171,180,155,164,20 745 500,134 614 767
1052,"Jul 28, 2016",156,192,137,173,40 291 300,142 411 628
1053,"Jul 27, 2016",246,246,126,160,62 645 700,131 842 989
1054,"Jul 26, 2016",604737,285,600358,255,103 066 000,210 144 900
1055,"Jul 25, 2016",931993,932862,452446,602402,9 308 400,49 576 150
1056,"Jul 24, 2016",752345,959354,737342,928814,17 769 300,76 439 027
